comment,sentiment
provide please provide get would expect,neutral
made sure array sorted,positive
normalization place framework automatically done considering training model resolution training,neutral
hi could demonstrate use replace old method thanks,positive
raspberry pi o header file support version want downgrade,neutral
provide environment please operating system build use natively container specific sample code python make,neutral
tried python notebook well got unknown exception instruction via search found pointer yes manually pip install manually pip install version got notebook run successfully image image image,positive
simply run notebook given kept input also,neutral
like code match model version version model use use original model sample used one add provided might check model via like check,positive
would want check level blur image,neutral
also trouble understanding come aswell explanation already,negative
face right home via running,positive
guess idiot sorry show big right thought file missing sorry try get reading sent may author subject missing issue via provided link currently access file successfully chrome browser around size look like involved access file via reply directly view thread message id,negative
via provided link currently access file successfully chrome browser image image around size look like involved access file via,positive
hi got link example nothing file listed udo sent may author subject missing issue provide please sample environment look like tried code like command line input printed reply directly view thread message id,negative
provide please sample environment look like tried code like command line input printed,neutral
could version conflict version model used framework model maybe additional loading might help via every example documentation outdated like like framework version,negative
built however could build successfully ran test program run repository program stuck line without error visual studio community want install configure reason make sure done everything correctly since graphic card want use,positive
something specific mind tried following version version select field corner need build source need specific like like environment like would possible use build source latest providing get install version use specific version specific version,positive
think may issue got ended documentation autograph code link like different place research assistant professor center translational cancer research institute technology university sent may author subject training issue please correct wrong may end providing solution presuming code getting bit code probably temp file autograph message external sender message came outside organization please correct wrong may end providing solution presuming code getting bit code probably temp file origin thats u know notebook run continuous kernel run need variable value getting within autograph code file mean none mean none reply directly view id,negative
please correct wrong may end providing solution presuming code getting bit code probably temp file origin thats u know notebook run continuous kernel run need variable value getting within autograph code file mean none mean none,negative
thanks prompt response sorry vague description error full trace back recent call last cell line train cell line train loss loss print loss seed file except exception raise none finally file latent final mean none latent loss mean none loss none loss none file mean none mean none try true user code file line loss mean file line mean local variable assignment run following block training axis return mean mean axis return mean mean return could comment function get run thinking something wrong function space research assistant professor center translational cancer research institute technology university sent may author subject training issue apparently loss variable code getting reply directly view thread message id message external sender message came outside organization apparently loss variable code getting reply directly view id,negative
apparently loss variable code getting,positive
got face notebook need site run code urn office office urn office word head meta meta word meta word link file link file link file view normal view zoom zoom false false false compatibility compatibility math false false false false false true normal false true heading false true true true heading false true true true heading false true true true heading false true true true heading false true true true heading false true true true heading false true true true heading false true true true heading false true true index false true true index false true true index false true true index false true true index false true true index false true true index false true true index false true true index false true true false true true false true true false true true false true true false true true false true true false true true false true true false true true normal indent false true true footnote text false true true annotation text false true true header false true true footer false true true index heading false true true true caption false true true table false true true envelope address false true true envelope return false true true footnote reference false true true annotation reference false true true line number false true true page number false true true reference false true true text false true true table false true true macro false true true toa heading false true true list false true true list bullet false true true list number false true true list false true true list false true true list false true true list false true true list bullet false true true list bullet false true true list bullet false true true list bullet false true true list number false true true list number false true true list number false true true list number false true title false true true false true true signature false true true default paragraph font false true true body text false true true body text indent false true true list continue false true true list continue false true true list continue false true true list continue false true true list continue false true true message header false true subtitle false true true salutation false true true date false true true body text first indent false true true body text first indent false true true note heading false true true body text false true true body text false true true body text indent false true true body text indent false true true block text false true true false true true false true strong false true emphasis false true true document map false true true plain text false true true signature false true true top form false true true bottom form false true true normal web false true true acronym false true true address false true true cite false true true code false true true definition false true true keyboard false true true false true true sample false true true typewriter false true true variable false true true normal table false true true annotation subject false true true list false true true outline list false true true outline list false true true outline list false true true table simple false true true table simple false true true table simple false true true table classic false true true table classic false true true table classic false true true table classic false true true table colorful false true true table colorful false true true table colorful false true true table false true true table false true true table false true true table false true true table false true true table grid false true true table grid false true true table grid false true true table grid false true true table grid false true true table grid false true true table grid false true true table grid false true true table list false true true table list false true true table list false true true table list false true true table list false true true table list false true true table list false true true table list false true true table effect false true true table effect false true true table effect false true true table contemporary false true true table elegant false true true table professional false true true table subtle false true true table subtle false true true table web false true true table web false true true table web false true true balloon text false table grid false true true table theme false true text false true spacing false light shading false light list false light grid false medium shading false medium shading false medium list false medium list false medium grid false medium grid false medium grid false dark list false colorful shading false colorful list false colorful grid false light shading accent false light list accent false light grid accent false medium shading accent false medium shading accent false medium list accent false true revision false true list paragraph false true quote false true intense quote false medium list accent false medium grid accent false medium grid accent false medium grid accent false dark list accent false colorful shading accent false colorful list accent false colorful grid accent false light shading accent false light list accent false light grid accent false medium shading accent false medium shading accent false medium list accent false medium list accent false medium grid accent false medium grid accent false medium grid accent false dark list accent false colorful shading accent false colorful list accent false colorful grid accent false light shading accent false light list accent false light grid accent false medium shading accent false medium shading accent false medium list accent false medium list accent false medium grid accent false medium grid accent false medium grid accent false dark list accent false colorful shading accent false colorful list accent false colorful grid accent false light shading accent false light list accent false light grid accent false medium shading accent false medium shading accent false medium list accent false medium list accent false medium grid accent false medium grid accent false medium grid accent false dark list accent false colorful shading accent false colorful list accent false colorful grid accent false light shading accent false light list accent false light grid accent false medium shading accent false medium shading accent false medium list accent false medium list accent false medium grid accent false medium grid accent false medium grid accent false dark list accent false colorful shading accent false colorful list accent false colorful grid accent false light shading accent false light list accent false light grid accent false medium shading accent false medium shading accent false medium list accent false medium list accent false medium grid accent false medium grid accent false medium grid accent false dark list accent false colorful shading accent false colorful list accent false colorful grid accent false true subtle emphasis false true intense emphasis false true subtle reference false true intense reference false true book title false true true bibliography false true true true heading false plain table false plain table false plain table false plain table false plain table false grid table light false grid table light false grid table false grid table false grid table false grid table dark false grid table colorful false grid table colorful false grid table light accent false grid table accent false grid table accent false grid table accent false grid table dark accent false grid table colorful accent false grid table colorful accent false grid table light accent false grid table accent false grid table accent false grid table accent false grid table dark accent false grid table colorful accent false grid table colorful accent false grid table light accent false grid table accent false grid table accent false grid table accent false grid table dark accent false grid table colorful accent false grid table colorful accent false grid table light accent false grid table accent false grid table accent false grid table accent false grid table dark accent false grid table colorful accent false grid table colorful accent false grid table light accent false grid table accent false grid table accent false grid table accent false grid table dark accent false grid table colorful accent false grid table colorful accent false grid table light accent false grid table accent false grid table accent false grid table accent false grid table dark accent false grid table colorful accent false grid table colorful accent false list table light false list table false list table false list table false list table dark false list table colorful false list table colorful false list table light accent false list table accent false list table accent false list table accent false list table dark accent false list table colorful accent false list table colorful accent false list table light accent false list table accent false list table accent false list table accent false list table dark accent false list table colorful accent false list table colorful accent false list table light accent false list table accent false list table accent false list table accent false list table dark accent false list table colorful accent false list table colorful accent false list table light accent false list table accent false list table accent false list table accent false list table dark accent false list table colorful accent false list table colorful accent false list table light accent false list table accent false list table accent false list table accent false list table dark accent false list table colorful accent false list table colorful accent false list table light accent false list table accent false list table accent false list table accent false list table dark accent false list table colorful accent false list table colorful accent false true true mention false true true smart false true true false true true unresolved mention false true true smart link style font math variable swiss variable style yes margin time new serif time new yes time new none page size margin page style style yes time new border solid solid solid solid time new body face map face face face,negative
tried python tested modify use instead also create folder folder sample input get following cut image output get,neutral
provide information please talking closer step different phase see done code could due used o python comment used o python please environment natively container especially output get,negative
got following someone else forgot point python python get module pip install environment use oh well guess global install good development ever need one thing know documentation better python version took computational photography class school anyways change python point python rather system python know please let know even sure solution also sure pip going get outlook android sent may kim comment subject update source installation tried following environment look like want build source due python well reply directly view id,positive
tried following environment look like want build source due python well,negative
tutorial follow use python,neutral
hi appreciate fast response also figured issue instead direct path,positive
check file locale somewhere root folder confirm file project,neutral
hi issue end issue,neutral
training model issue application mean version running built installation package application use use anything different reply directly view id,negative
met problem run python code following base python recent call last file line module net error assertion function run code base python inference time,negative
file create new project copy running program issue application mean version running built installation package application use use anything different reply directly view id,negative
application mean version running built installation package application use use anything different,negative
source application run error issue provide information please running used command line input model used environment look like reply directly view id,positive
provide information please running used command line input model used environment look like,neutral
error unspecified error ca create layer type function,neutral
hi method fit use method two method solve problem firstly use instead old method secondly degrade version view actually adverse solve problem method wish help china,positive
investigating kind answer great help work take look thank advance,positive
provide reproduce behavior sample prepared environment hardware running application container applied local input,neutral
dear thanks keeping line warm sorry time follow test coming week keep posted go enjoy weekend reply date author subject morph intermediate issue open left feel free close issue reply directly view id,positive
open left feel free close issue,positive
mean data like longitude latitude tiff get matrix raw data raw data without look extract additional python,negative
great thanks looking forward resting sent outlook android sent author subject morph intermediate issue image image image reply directly view id,positive
certainly thanks lot professor mob title sent author subject morph intermediate issue look video change parameter alpha animation equation reply directly view id,positive
look video change parameter alpha animation equation,neutral
seem least result single image looking way reveal series additional,negative
sample experimented equation within section alpha blend warped,neutral
provide environment please version use version use manually built use share used please,neutral
issue temporary approach would downgrade would end reinstall virtual environment restart install every package need set otherwise library would crushed running code,negative
provide documentation description please,neutral
sorry bad thought would automatically link project colorization many first link work made update end confirmed work,negative
question clear understand code combine left right able give,positive
code use see documentation different publicly available sure correct way,positive
hey thanks issue appreciate help,positive
try clean environment local machine see destination path already empty directory incompatible,positive
sample human action recognition use notebook thanks,positive
sample application environment frequently become outdated quickly frequent operating,negative
please start application relative path still valid call application within script maybe new shell application,positive
yeah file open read content similar original file fact error returned run code original file path code,positive
sure file file relative path correct might different relative path correct open file tool file display even browser data look like would need locally machine file huge file directly part,positive
apply tried like thank close,neutral
sure sample code project provide information code version tried far command line,positive
tried familiar find plenty le complex might get minor input output anything left otherwise feel free close issue,positive
tried far repository mean simple enough tried removing unneeded like removing additional remove support keep support single image single video remove statistic converted python used various,negative
reference parameter mat refer variable need allocate variable pas function mat mat,neutral
yes talking thank much,positive
talking code well post might want look sample open model zoo,neutral
looking gaze source code find possible please share,neutral
might want align recent template,neutral
provide context please file path folder used code,neutral
add code soon thank,neutral
might want check get new demo added like providing description behind something mind showing use like shown,negative
provide please looking issue clear looking tried far get output error message,positive
figured issue due super,positive
try absolute path sure current working directory,positive
recent call last module process image frame net put efficiency information function overall time inference discard bad continue confidence row truth value array one element ambiguous use,negative
close separately thank sir,neutral
still recommend separate separate,neutral
would suggest remove related motion object tracker video would accepted would actually made separate even merge everything added separately lead,neutral
would suggest remove related motion object tracker video would accepted would,neutral
provide overview description motion object tracker video please intending add like detection image motion object tracker video motion object tracker track moving like video file provided applied moving well would like make separate page scanner application detector different want pull please suggest,neutral
provide overview description motion object tracker video please intending add like detection image motion object tracker video,neutral
mind pull suggest explain much,positive
also problem recent call last file line module file line confidence truth value array one element ambiguous use fix thanks,positive
issue finally testing single class change jump next column data jump next column data,negative
maybe multiple different check correct version used linked static dynamic linking like calling,positive
part issue able run successfully make sure use version version working,positive
hello tried model format readily available even weight file still getting,positive
faced similar issue sample instead giving detection gave crazy false note issue custom model converted happen model coco converted help,negative
yes used code available code fix example instead mat used mat frame used already available also used converted got issue lastly available python script,positive
use sample yes code model like converted code use also available python script tried working,positive
conversion get nan final matrix unamused,neutral
hi trained custom model single class detect code following command python data device folder tested worked good converted script python include data device used found without except change name model file shown result converted coco note,positive
provide model trained converted could even share model done used sure sample sample algorithm code use command line maybe one,positive
solution waiting training complete idea time model sample want convert code put,positive
tried python time get following error bash detector train layer size input output route route route route loading done floating point exception running,neutral
follow original example model running training locally machine,positive
since repository pointer rather real file need git pull execute python script directory running program,positive
successfully simple count version hereinabove based guidance notebook training successfully set flag coco difficult custom map saving saving saving want train beginning use flag end training command could used get stuck underlying training suitable keeping good,positive
general setup model trained one object class detect neural network size training didnt change afterwards trained model format could successfully load use different way getting detection model lack data cant really issue trained model also tested conversion command used python include python include simplify successfully converted model gave output inference code used example used code float float loaded model give neural network like neural network input size blob size also color format also tried color format starting code mode get following global loading model produced number global version global unknown node type try custom handler node sigmoid global unknown node type try custom handler node sigmoid global unknown node type try custom handler node sigmoid global unknown node type try custom handler node sigmoid global unknown node type try custom handler node sigmoid global unknown node type try custom handler node sigmoid global unknown node type try custom handler node sigmoid global unknown node type try custom handler node sigmoid global unknown node type try custom handler node sigmoid global unknown node type try custom handler node sigmoid global unknown node type try custom handler node sigmoid global unknown node type try custom handler node sigmoid global unknown node type try custom handler node sigmoid global unknown node type try custom handler node sigmoid global unknown node type try custom handler node sigmoid global unknown node type try custom handler node sigmoid global unknown node type try custom handler node sigmoid global unknown node type try custom handler node sigmoid global unknown node type try custom handler node sigmoid global unknown node type try custom handler node sigmoid global unknown node type try custom handler node sigmoid global unknown node type try custom handler node sigmoid global unknown node type try custom handler node sigmoid global unknown node type try custom handler node sigmoid global unknown node type try custom handler node sigmoid global unknown node type try custom handler node sigmoid global unknown node type try custom handler node sigmoid global unknown node type try custom handler node sigmoid global unknown node type try custom handler node sigmoid global unknown node type try custom handler node sigmoid global unknown node type try custom handler node sigmoid global unknown node type try custom handler node sigmoid global unknown node type try custom handler node sigmoid global unknown node type try custom handler node sigmoid global unknown node type try custom handler node sigmoid global unknown node type try custom handler node sigmoid global unknown node type try custom handler node sigmoid global unknown node type try custom handler node sigmoid global unknown node type try custom handler node sigmoid global unknown node type try custom handler node sigmoid global unknown node type try custom handler node sigmoid global unknown node type try custom handler node sigmoid global unknown node type try custom handler node sigmoid global unknown node type try custom handler node sigmoid global unknown node type try custom handler node sigmoid global unknown node type try custom handler node sigmoid global unknown node type try custom handler node sigmoid global unknown node type try custom handler node sigmoid global unknown node type try custom handler node sigmoid global unknown node type try custom handler node sigmoid global unknown node type try custom handler node sigmoid global unknown node type try custom handler node sigmoid global unknown node type try custom handler node sigmoid global test unknown node type try custom handler node sigmoid could test model given image happy maybe someone fix model format,negative
provide model please based model describe code please use example another application done application depending used code input resolution resolution provide input picture three depending code used three important know whether model order maybe share model code example input show output get explain think wrong,negative
work inference file tested also export also help sure related also saw people loading model said provide load framework,positive
might want create issue ask,neutral
well middle forget chance get also ti uncommenting correct row check got next map calculation tensor used last accuracy map best loss rate left cant get training hard stuck respond idea cause machine ti memory use question log show anything,positive
also change line frame worked also version also fine,positive
training still middle try see training way end memory issue could heating saw indication water cooling ti see,neutral
sorry version python see python version working branch built confirm variant working well image adapt line make separate method,negative
latest version think code work version,positive
talking sample even compile adapt line make separate method get terminate throwing instance check node dynamic argument inconsistent describe please,neutral
article easy find point two dissimilar like cat face human face click two establish interpolate rest well used detect corresponding next added four one right hand side ear one neck two finally added image half way corresponding well needle say one add around head neck get even better remove manually get slightly worse fully automatic triangulation article call store list file keep memory continue,positive
hello trying morph read post face morph python know get triangulation help,neutral
memory running try increasing,neutral
provide please link mean found reference folder sample get error trying open link error,negative
still tensor disabled first next map calculation loss rate left try allocate additional allocate done progress seen ran time got stuck tensor disabled first loss rate left got stuck,positive
increasing value file work running memory use utilization every mon mon driver version version name volatile fan temp compute mig mib mib default type process name memory id id usage,neutral
check reducing sent author subject working issue error check according try reducing file reply directly view id,negative
error check according try increasing value file,neutral
try local add secret try flask secret key,negative
hi decided try training initial fine import math three import math import o import image import make sure show nice training location also content wrong place class train valid backup change class train valid backup remains path correct mention forgot mention command work detector train executed fine gave message error found convolution tensor disabled first next map calculation loss rate left error found tensor disabled first next map calculation loss rate left error found convolution checked procedure make clean make host compiler version capable machine device device resulting result classification test summary procedure training made make start something working wait running load sun driver version version name volatile fan temp compute mig mib mib default type process name memory id id usage help,positive
also exact issue error tried restart also tried run edge chrome without success help much,positive
code need set accordingly like folder right one otherwise like shown notebook post face,positive
hi removed import drive guess run local complete folder local environment new first work step first step detector section folder think right one sure failure also wondering first step unusual,positive
hello issue rectified also rectified please refer case folder name another folder name hence error try folder able successfully import example folder import,positive
might contact check material used train model could mean selected data representative enough,negative
like used underneath series,neutral
hi added notebook please check,neutral
without trying apple available right like set defined going else branch check whether file somewhere,positive
comment precision material used training whether used representative different try showing different men woman different age please random,negative
used python else change anything used python input show,neutral
excuse rephrase question please describe see instead application use parameter used something use underneath,negative
saw article special image part algorithm visualization dense optical flow used draw optical flow know whether see image code personal get image answer question thank,positive
problem built wrong indeed however also missing whole command know issue marked closed figure could help someone problem also remember build directory running build make sure everything go correctly,positive
work git clone recursive pip install,neutral
perhaps happening corner detector able track new image hence came none handle case,positive
specific share please question specific application share please like done far get,positive
pull request automatic document scanner,neutral
problem reducing size input video,neutral
post pointing section find point facial feature detection following used detect corresponding next added four one right hand side ear one neck two finally added image half way corresponding well list use write file following also another set file,positive
provide sample problem talking tried far following specific post specific,positive
would great see master license applied whole clear,positive
project could make work still need hand,neutral
check specifically last section see module inference help support,neutral
yes problem work found hard way try deep learning,negative
think installation error fixed ref close,positive
issue resolved chose smaller around train reduced size eventually reduced size issue didnt pop,neutral
provide please code sample running problem could share least result specifically get,negative
short update file running terminal change function network auto network change function auto auto auto auto auto auto make run make checked image,neutral
nope never able solve issue despite spending solution removed dumb issue,negative
realize year late thread ever able resolve issue problem technique like bit appreciate insight,positive
would like add feature blur picture video various use also feature blurry clean image facial help help would really helpful example useful case scenario best,positive
sir tried showing error edit code helpful,neutral
could depend image content could image another stopping criterion let algorithm converge later visually checked input manually something strange certain initial transformation roughly code catch,positive
tell code import import calculate operator combine two grad return grad read color image image three vertically find width height color image print height width extract three gray scale image merge three one color image height width height height allocate space image height width blue green red channel copy red channel define motion model set warp matrix identity else set stopping criterion algorithm criterion warp blue green red channel criterion use perspective warp transformation homography width height else use affine warp transformation homography width height print show final output color image image,negative
please look documentation unlike function alignment intensity essence function initial transformation roughly information missing identity warp unity matrix used note undergo strong initial transformation roughly necessary simple transform showing image content approximately use inverse warping second image take image close first one use flag see also sample use function function exception algorithm might need add catch exception react might need,negative
also facing issue fund solution,neutral
please add please add refer taha,neutral
provide exception please getting mean provide link please,negative
auto auto auto change like solve problem,neutral
link work basically get warning screen,neutral
understand relatively new course trust site thanks swift response mar wrote warning since large number people yet would trust u share link show unique case thread reply directly view nick mac,positive
warning since u would trust u share link show unique case,positive
ah fair enough seem like involved,positive
license information like found license shown sure fallback license license file,positive
firstly check package missing install successfully make sure directory file type file extension present install directory hope program run successfully,positive
hello want test trained model string recompile string string come terminate throwing instance error unspecified error input node found function aborted core help would highly excuse problem get looking ward reply,negative
documentation find version field documentation ca resolved work version documentation found found server,neutral
provide bit information multiple python binary package python anaconda system example enter directory run python python python use python python documentation like version available build source,positive
provide bit information multiple python binary package example python python documentation like version,neutral
getting exactly error small simple convolutional neural network dropout batch normalization freezing graph inference done many different way ca even think straight reason would return empty completely loss spent day need work,positive
sorry understand explanation environment win system consume lot running need modify video,positive
provide description environment please video maybe video available driver system load high high high background build source via assume video try decode video command line terminal see latency,positive
ever get figured stuck issue,neutral
hello confirm code work fine,positive
hi confirm code work fine since raised please recheck code update,positive
added post understanding lens distortion,neutral
check documentation version like gamma contrast saturation old source code maybe,positive
get error error unspecified error ca create layer type function solve thank,neutral
useful want build code ordinary,positive
share u found link document sample please tried alternative link,neutral
hi regular compiler code learn,neutral
describe tried test one filter tried use filter,neutral
stabilization tried use filter,neutral
added alternative solution several day ago need align use one,neutral
thank much read code faster application scan code printed mask lot time read also keep near camera ai electrophysiology tue wrote available since version master branch branch python documentation please check use call thread reply directly view,positive
docker image python sample code check whether image correctly image post,neutral
available since version master branch branch python documentation please check use call,positive
could add script one call already done many useful,positive
hey could kindly tell version,positive
hey let know considerable make another use vector instead simply complex,negative
please edit commit message add text issue pull request,neutral
frame rate tracker algorithm,neutral
blob standard image array floating point prepared inference show image,neutral
checked image video work correctly,neutral
like model loaded script please use mac link run,neutral
please ensure frame empty data format float documentation,negative
python package python development like configuration build work code,neutral
according file name model designed input need image resolution apply proper prepossessing apply model second approach find smaller obviously handle big,neutral
large get repository please code execution case use mac run script automatically please manually link run code,positive
function mat vector case parameter empty wrong data type see,negative
according sample code first one first instance build without camera support issue way check version application call python see,positive
like instance build host another version please fix issue,neutral
hi run comparison python line object getting error mac o running fine running raspberry pi getting error ai electrophysiology wed wrote provide context please environment looking like python well file see problem thread reply directly view,positive
provide context please environment looking like python well file see problem,neutral
file link since wo visible yet code everything done notebook,neutral
ne encore comment epoch total recent call last file line module train hyp train normally file line train model file line result input file line forward return file line module file line result input file line forward input module input file line result input file line forward return input file line memory tried allocate mib gib total capacity gib already mib free gib reserved total,positive
improper branch name used,neutral
ugh black lip spot still present run algorithm different hard compile statistic like every picture spot tried value appear another picture current one,negative
use simple binary technique wherever black new image directly take corresponding original image want morph think like bitwise operation,positive
thank able run get mine know complete morph face rest body black background given post,positive
please find attached python code change landmark model path,neutral
ah condition function like fixed get represent,positive
get still get black spot sleepy value use alpha please share code code main alpha define window define color drawing read read array corresponding read detector predictor detector detector predictor predictor compute weighted average point range alpha alpha alpha alpha draw allocate space final output rectangle used size rect size size create instance rect calculate draw rect allocate space diagram draw diagram morph reading calculated line line morph one triangle time alpha resize save,negative
see thank perhaps additional number facial triangulation way could kindly send code please also would one put face back onto original image obtain final image background neck,positive
hi correct facial point model perfectly correct issue code actually landmark please find attached image landmark detection,positive
sure thanks know perhaps one try facial see work reason know black seem related facial code read seem able complete morph image give,positive
alpha condition function result slightly black spot lip still present still working,negative
thanks look get back,positive
hi sorry different definitive one execute code change variable import import import random import path file create array read open path file line enumerate file float float return size affine transform calculated output image size given pair find affine transform apply affine transform found image size size none return alpha alpha triangular find bounding rectangle triangle offset left top corner respective range get mask filling triangle mask mask apply small rectangular size size size alpha blend rectangular alpha alpha copy triangular region rectangular patch output image mask mask rect point point inside rectangle point rect return false point rect return false point rect return false point rect return false return true color point color diagram range color color true size size size rect triangle insert list triangle list print find index array rect rect rect range range draw draw return main alpha define window define color drawing read read array corresponding compute weighted average point range alpha alpha alpha alpha allocate space final output rectangle used size rect size size create instance rect calculate draw rect allocate space diagram draw diagram morph reading calculated line line morph one triangle time alpha resize save main,negative
also share complete python code face,positive
mean code given calling average mean rather two nonetheless even calling get incomplete morph part see main alpha define window define color drawing read read array corresponding compute weighted average point range alpha alpha alpha alpha allocate space final output rectangle used size rect size size create instance rect calculate draw rect allocate space diagram draw diagram morph reading calculated line line morph one triangle time alpha resize save,negative
sure go edit added,positive
hi provide corresponding replicate try resolve issue,neutral
triangulation first image correct second one new rect parse rect able get correct triangulation image list returned rect rect list returned different final image thus still incomplete,positive
hi please review code article thanks article link unavailable found,positive
thanks lot try would suggest bit suggestion added notebook comment,positive
getting following error running code system translation spec model model compilation done recent call last file line module main file line main file line file line input file line predict return data neural network size file,positive
hi merge pull request,neutral
wrote added mon wrote provide well yes add pointing please thread reply directly view reply directly view,positive
added mon wrote provide well yes add pointing please thread reply directly view,positive
provide well yes add pointing please done,neutral
wrote document please version would like used via pip install hi necessary code work version although think older would also work post ready need provide link put inside post hit publish thread reply directly view hi added confirm working thank,positive
provide well yes add pointing please,neutral
wrote document please version would like used via pip install hi necessary code work version although think older would also work post ready need provide link put inside post hit publish thread reply directly view hi added,positive
wrote document please version would like used via pip install hi necessary code work version although think older would also work post ready need provide link put inside post hit publish thread reply directly view,positive
reason ask load model get exception might raised due incompatible might recommend use specific maybe recommend use knew since used maybe model loaded also model optional everyone model would add instruction user use post,negative
document please version would like used via pip install hi necessary code work version although think older would also work post ready need provide link put inside post hit publish added line post,positive
reason ask load model get exception might raised due incompatible might recommend use specific maybe recommend use,negative
document please version would like used via pip install,neutral
thanks issue sure page use ca create fork make submit missing something,positive
made public thanks review,positive
please provide page change submit,neutral
close issue also closed,negative
resolve issue include include include,neutral
added document reference issue closed thank example,negative
issue closed similar issue,negative
think link help link,neutral
thank kan close issue,neutral
thank helping depending version different return learn documentation link close issue,neutral
wo able help problem close issue,positive
thank pointing close issue,neutral
installation everyone convenience script minimum want support make script find make close issue,neutral
yes also think add please add well code readable people read skip text part,neutral
could please specify return previous version example create model train network,negative
error file worked model file folder,neutral
sorry added new file latest commit,positive
install file found context efficient image loading,neutral
try line since may zero sometimes may account issue hope,neutral
error due negative present image,negative
get nan number instead division zero similar sort bug somewhere writing code calculation purpose may try well hope,neutral
exception message summary multiple different also use analyze file open view try another image maybe even another format,neutral
pip pip install general configuration version control platform host generator build tool configuration release code generation built dynamic compiler release compiler release linker release linker yes extra ade built core photo python stitching video disabled world disabled dependency unavailable python documentation yes edition support support medium build build tiff build build build yes yes yes yes video yes yes yes yes yes yes parallel framework trace yes custom build yes extra include path link dynamic load python interpreter install path python python build ant install,negative
describe setup please operating system version use branch built source building output interesting summary provide like looking image via tool like similar built various maybe special like,positive
hi tried smooth version code work well however case line otherwise show first frame result stream output video file successfully either,positive
overall comment approach global broken case need least huge warning suppose think,negative
model corrupt suitable new version model somewhere else,positive
hey problem post mine hope solve,neutral
code tried code section assertion occur run manually top bottom especially part note different chosen depend upon environment please tune first instead trying make work,positive
check folder try assert frame type none found code,neutral
could try replace shell false shell true class object shell false,negative
tested example use high resolution detect confidence give many false model suitable high resolution,positive
hey able resolve issue similar would love help,positive
hi declared image image add include code compile successfully best wen china,positive
problem ran scattered found couple user also move test folder reason till moving hit test ran right,positive
someone look made useless,negative
even copied one source,neutral
like install update install,neutral
read paper unsure based,neutral
fresh update upgrade install pip pip install pip install let know get error well found answer problem solution plus virtual environment anaconda thanks,positive
need install wed agarwal wrote someone help thread reply directly view mute thread hi everybody sorry question anyone try virtual environment anaconda install virtual environment python problem certain function something basic like frame idea welcome thanks advance,positive
assertion file line function error main dumping stack trace facing error let know,positive
vertically sort lip vertically sometimes upper lip lower lip vice warp output system find average range list eye input image select lip index subtract list ar ar select lip index ar ar sort vertically sorted ar ar return list range range,negative
yes please happy review publish mon wrote research paper found help rough draft great could give finishing post community view class similar objective selective search thread reply directly view mute thread,positive
error number class wrong number class,negative
finally run example configuration python float integer round size patch best,positive
issue python amazing ca see implementation inside succeed following environment python,positive
sent fix attached larry creative web development larry stone sent larry manual manual subject error think issue need instead sure yet thread reply directly view mute thread,positive
think issue need instead sure yet,positive
think use code video network camera,neutral
mean new trained model,negative
problem project use pip try pip install old version version work fine,positive
hello thanks helping work,positive
yet let know someone else solve problem thank much,positive
hi get error manage solve thanks,positive
hi version change line,neutral
yes indeed thanks much help,positive
line remove output work fine,positive
replace error searching void find line extern void line void,neutral
added notebook image classification well,neutral
hi also curious east text detector could please provide information regarding,negative
also people trying implement age gender classification program replace,neutral
replace short let program know extension,neutral
need environment setting otherwise could run import o,neutral
issue anyone successfully used,positive
checked decent accuracy impressive thorough check different get back nice good enough image classified happy sad sad classified sad surprise surprise correct neutral neutral smiling happy,positive
code fine please rename folder,positive
sure let know system let see get access one,positive
interestingly first reinstall also script cross compile pi powerful system forever pi,positive
please close continue discussion,neutral
hi try please first install wheel pip install wheel try running script,positive
case face output point array check diagram output format alternatively also display image check,neutral
code really understand problem,positive
big bold big mean something useful forget add post unnecessary stop trolling,negative
clearly written faster please read carefully harsh public platform,negative
find information speed would obviously get higher speed since use,positive
always fine tune model improve accuracy,positive
work fine thanks enhancement,positive
work fine merge thanks fix,positive
problem recent call last file line module file line run process file line file line system find file,neutral
hi thanks make listed create please tag verify everything merge quickly thanks,positive
please create separate following made change update directory change retain fix git master git thanks,positive
either change apply fix change,neutral
disagree version string put python installation folder version without consistent either change apply fix wrote pull request include mainly bug present branch thread reply directly view mute thread met ger,positive
branch latest bug feature instead,positive
please confirm tested merge say yes,neutral
issue probably present install,neutral
figured divisible batch size worked,neutral
use command line get error shape error unspecified error unknown layer type shape file line,negative
help command line use run project,neutral
get error error unspecified error ca open true file line,positive
well give error please,neutral
used function get error,neutral
see need otherwise change,neutral
problem line net net model function,neutral
please install pip install,neutral
tried yet give try thanks idea,positive
need file put folder code link,neutral
read array corresponding thesis corrected,neutral
tried run code run error output error function survey error give proper image based even give proper image get share,neutral
optimization code use medium,neutral
compile native library place folder unity project appropriate build architecture used create unity script method attribute unity documentation,positive
try run code let know work,neutral
file exist looking file notice upper case thing script well,neutral
indeed slow use original code working,positive
yes use image size time take hit case,neutral
python use python add import top code,positive
getting hand segmented might better,positive
probably version function image well function return image check link information,neutral
would need need upgrade run code,neutral
yes run python successfully,positive
training open used flip function training data nowadays comparative show left hand easier found hope thank,neutral
hey thanks suggestion got exact output,positive
calculate ratio size object machine output image divide size training data thought think maybe something,neutral
python got output facing difficulty please help,neutral
hey thanks reply want convert python code,positive
work used another file thats face index error thanks help,positive
network need get recognize various traffic training stop sign thanks,positive
thanks help let check,positive
hand different model doesnt,neutral
use file provided code used find multiple person present everything given please refer,neutral
change whole file make tell exact use unable understand use,negative
yes file thus getting index error,neutral
actually took file another repository exactly think error due,positive
please mention code talking,neutral
thanks pointing code tested python fix soon,positive
file make code ran code fine,positive
would like know run via python thank together great resource help,positive
simply use pip install install want use python mon wrote thanks use mac running sierra anaconda believe clone source build install script thread reply directly view mute thread,positive
thanks use mac running sierra anaconda believe clone source build install script,positive
could anyone also miss,neutral
need upgrade minimum requirement run example thanks,positive
basic error path wrong,negative
exact error anyone help,positive
sorry read need python description python part,negative
like provided string char use line string string style char use compiler accept include include include,neutral
see training custom well,neutral
either install simply look script manually simply,neutral
try change example default,neutral
thank maybe algorithm like want decrease false negative false hope,negative
fresh update upgrade install pip pip install pip install let know get error,positive
want perfect one train one read threshold confidence also help end algorithm ca everything practical scenario take care image size object exposure,positive
sir put counter code check condition class person tried understand code could temporary need explain class,neutral
succeed used iterate folder working still struggling count one class person would great help,positive
need make priority test,neutral
train person detector one example,neutral
would great help one class thank,positive
want detect one class person help,neutral
see wonder consider valuable merge yet,neutral
great glad issue resolved,positive
bad first python code run thanks,negative
try python code work figure issue code well,neutral
made change line successfully thanks however facing tried run unrelated issue error terminate throwing instance error error parse file function aborted core,positive
tried error error matching function call char,neutral
use try may support,neutral
ca find output blob image function able get dis error previous error resolved,positive
need install wed agarwal wrote someone help thread reply directly view mute thread,positive
algorithm converge may right one set check image alignment,positive
problem ignore error broken progress,negative
correct flow color color color color,neutral
check following image read properly already sun wrote error error error function thread reply directly view mute thread,positive
previous comment worked finally indeed issue gnu modify set set,negative
sorry assumed repository python code thought code backward compatible python made small change anyway close,negative
maybe try recompile instead,neutral
hi official removed gnu library android differentiate system available system tightly coupled longer received several version library incompatible clang note library removed future release beginning use instead issue couple day,positive
make sure correct make title issue le long,positive
method might cumbersome slam based localization world measure distance head feature,neutral
gait energy image resultant function applied series segmented gait person open pose estimation used gait analysis movement different basis pattern movement,neutral
gait energy image somehow calculate mechanical potential kinetic energy gait leg,neutral
thanks please make sure backward compatible python,positive
hi maybe problem standard library mean use standard library use library android project compiler complain every string vector argument use add snippet arch change min level standard add something like set hope work,negative
desperate problem android project may ask solve thank much,negative
hi check code like please accept pull request,neutral
thanks able get bottom hair trying figure part like tutorial important part missing without,positive
check closed code python like something like work warning really messy code mostly personal use,negative
take look file facial face detection inside file,neutral
resolved visiting master certificate,neutral
used run example inside working quite fine need help write,positive
thank think classifier added selective search pick true get right class,positive
technique need use sliding window exhaustive selective search region object detect localize object image,neutral
got problem example error guess related version function main char error end member vector string error create member tracker tracker tracker,positive
buy school ai course computer vision,neutral
sorry alpha control thanks much,negative
implement corresponding paper strongly want read give two combine generate main determined control weight,positive
finally figured similar right set mask wherever image data already output,positive
find hard believe would exact mistake far remember mixed one line instead one spot copy triangular region rectangular patch output image mask mask problem,positive
post also issue like know fixed,positive
problem glad figured traveling able get back,positive
glad reply yet found error feeling oh good typo could find understanding everything understand learned lot thanks sorry many,positive
likely rounding error somewhere float tried everything,neutral
tried hack together solution grey line good solution screen shot,positive
please go ahead provide reference,neutral
sorry fixed probably python code need rewrite,negative
think answer every image included file want use image generate file,neutral
mean cascade classifier file generate train cascade also,negative
thanks explanation yes figured mention want use two frame frame need modify return line return line return,positive
think figured day thanks clarification,positive
line global return line global return,neutral
